-- phpMyAdmin SQL Dump
-- version 5.0.4
-- https://www.phpmyadmin.net/
--
-- Host: 127.0.0.1
-- Generation Time: Jan 08, 2022 at 06:31 AM
-- Server version: 10.4.17-MariaDB
-- PHP Version: 7.3.25

SET SQL_MODE = "NO_AUTO_VALUE_ON_ZERO";
START TRANSACTION;
SET time_zone = "+00:00";


/*!40101 SET @OLD_CHARACTER_SET_CLIENT=@@CHARACTER_SET_CLIENT */;
/*!40101 SET @OLD_CHARACTER_SET_RESULTS=@@CHARACTER_SET_RESULTS */;
/*!40101 SET @OLD_COLLATION_CONNECTION=@@COLLATION_CONNECTION */;
/*!40101 SET NAMES utf8mb4 */;

--
-- Database: `tourism`
--
CREATE DATABASE IF NOT EXISTS `tourism` DEFAULT CHARACTER SET utf8mb4 COLLATE utf8mb4_general_ci;
USE `tourism`;

-- --------------------------------------------------------

--
-- Table structure for table `jam_rute`
--

CREATE TABLE `jam_rute` (
  `id` int(11) NOT NULL,
  `jam` int(11) NOT NULL,
  `rute_id` int(11) NOT NULL,
  `status` enum('sepi','ramai','macet') NOT NULL
) ENGINE=InnoDB DEFAULT CHARSET=utf8mb4;

-- --------------------------------------------------------

--
-- Table structure for table `kategori`
--

CREATE TABLE `kategori` (
  `id` int(11) NOT NULL,
  `nama` varchar(255) NOT NULL
) ENGINE=InnoDB DEFAULT CHARSET=utf8mb4;

--
-- Dumping data for table `kategori`
--

INSERT INTO `kategori` (`id`, `nama`) VALUES
(1, 'Wisata Kuliner'),
(2, 'Wisata Budaya'),
(3, 'Wisata Buatan'),
(4, 'Wisata Religi'),
(5, 'Wisata Pendidikan'),
(6, 'Wisata Pertanian'),
(7, 'Wisata Belanja'),
(8, 'Wisata Sejarah');

-- --------------------------------------------------------

--
-- Table structure for table `kecamatan`
--

CREATE TABLE `kecamatan` (
  `id` int(11) NOT NULL,
  `nama` varchar(255) NOT NULL
) ENGINE=InnoDB DEFAULT CHARSET=utf8mb4;

--
-- Dumping data for table `kecamatan`
--

INSERT INTO `kecamatan` (`id`, `nama`) VALUES
(1, 'Rumbai Barat'),
(2, 'Rumbai Timur'),
(3, 'Kulim'),
(4, 'Tenayan Raya'),
(5, 'Bukit Raya'),
(6, 'Senapelan'),
(7, 'Pekanbaru Kota'),
(8, 'Sukajadi'),
(9, 'Sail'),
(10, 'Payung Sekaki'),
(11, 'Binawidya'),
(12, 'Marpoyan Damai');

-- --------------------------------------------------------

--
-- Table structure for table `kelurahan`
--

CREATE TABLE `kelurahan` (
  `id` int(11) NOT NULL,
  `nama` varchar(255) NOT NULL,
  `kecamatan_id` int(11) NOT NULL
) ENGINE=InnoDB DEFAULT CHARSET=utf8mb4;

--
-- Dumping data for table `kelurahan`
--

INSERT INTO `kelurahan` (`id`, `nama`, `kecamatan_id`) VALUES
(1, 'Agrowisata', 1),
(2, 'Tebing Tinggi Okura', 2),
(3, 'Sungai Ambang', 2),
(4, 'Mentangor', 3),
(5, 'Sialang Rampai', 3),
(6, 'Pebatuan', 3),
(7, 'Sialang Sakti', 4),
(8, 'Tangkerang Timur', 4),
(9, 'Bencah Lesung', 4),
(10, 'Simpang Tiga', 5),
(11, 'Air Dingin', 1),
(12, 'Kampung Bandar', 6),
(13, 'Kampung Dalam', 6),
(14, 'Sumahilang', 7),
(15, 'Simpang Empat', 7),
(16, 'Jadirejo', 8),
(17, 'Suka Mulia', 9),
(18, 'Labuh Baru Timur', 10),
(19, 'Sungai Sibam', 11),
(20, 'Tangkerang Tengah', 12);

-- --------------------------------------------------------

--
-- Table structure for table `rute`
--

CREATE TABLE `rute` (
  `id` int(11) NOT NULL,
  `titik_awal` int(11) NOT NULL,
  `titik_akhir` int(11) NOT NULL
) ENGINE=InnoDB DEFAULT CHARSET=utf8mb4;

--
-- Dumping data for table `rute`
--

INSERT INTO `rute` (`id`, `titik_awal`, `titik_akhir`) VALUES
(1, 48, 6),
(2, 6, 48),
(3, 6, 8),
(4, 8, 6),
(5, 52, 7),
(7, 8, 208),
(8, 208, 8),
(11, 48, 5),
(12, 5, 48),
(13, 5, 15),
(14, 15, 5),
(15, 15, 229),
(16, 229, 15),
(17, 17, 58),
(18, 58, 12),
(19, 12, 52),
(20, 8, 9),
(21, 9, 8),
(22, 9, 10),
(23, 10, 9),
(24, 10, 11),
(25, 11, 10),
(26, 11, 12),
(27, 12, 11),
(28, 11, 13),
(29, 13, 11),
(30, 13, 14),
(31, 14, 13),
(32, 14, 15),
(33, 15, 14),
(34, 230, 43),
(35, 43, 42),
(36, 42, 17),
(37, 208, 207),
(38, 207, 208),
(39, 207, 206),
(40, 206, 207),
(41, 206, 205),
(42, 205, 206),
(43, 205, 204),
(44, 204, 205),
(45, 205, 69),
(46, 69, 205),
(47, 69, 49),
(48, 49, 69),
(49, 5, 49),
(50, 49, 5),
(52, 208, 7),
(53, 7, 208),
(54, 7, 204),
(55, 7, 204);

-- --------------------------------------------------------

--
-- Table structure for table `titik_rute`
--

CREATE TABLE `titik_rute` (
  `id` int(11) NOT NULL,
  `lat_coord` double NOT NULL,
  `long_coord` double NOT NULL
) ENGINE=InnoDB DEFAULT CHARSET=utf8mb4;

--
-- Dumping data for table `titik_rute`
--

INSERT INTO `titik_rute` (`id`, `lat_coord`, `long_coord`) VALUES
(5, 0.53588220853474, 101.4517872929),
(6, 0.53489563070127, 101.45159423581),
(7, 0.53312622440718, 101.45155133423),
(8, 0.53454711132001, 101.45157814772),
(9, 0.53441306539887, 101.45037154089),
(10, 0.5343272760078, 101.45025356156),
(11, 0.5343272760078, 101.45003905367),
(12, 0.53334605976231, 101.44993179973),
(13, 0.5349117162107, 101.45007122986),
(14, 0.53556586022498, 101.45023211077),
(15, 0.53588757037035, 101.45019457189),
(17, 0.53343722039597, 101.44765167597),
(18, 0.53221472126645, 101.44763022518),
(20, 0.53054170289581, 101.44758182322),
(21, 0.52983930178043, 101.44758718592),
(22, 0.52834334799465, 101.44758718592),
(23, 0.52756051898819, 101.44754964704),
(24, 0.52603775543342, 101.44756573513),
(25, 0.52524956429251, 101.44754428434),
(26, 0.52417183338797, 101.44754964704),
(27, 0.52371607648196, 101.44752819625),
(28, 0.52311018783796, 101.44749602007),
(29, 0.52311554968464, 101.44734586455),
(31, 0.52517986030928, 101.44737267804),
(32, 0.52596268961475, 101.44738876613),
(33, 0.52754443345963, 101.44739412883),
(34, 0.5298607491439, 101.44741557962),
(35, 0.5305577884166, 101.44742094231),
(36, 0.5310081829818, 101.44743166771),
(37, 0.53221995867284, 101.4474423931),
(38, 0.53342637228804, 101.4474370304),
(39, 0.53571587658705, 101.44752283356),
(42, 0.53397276085614, 101.44764620312),
(43, 0.53428910924803, 101.44763547773),
(48, 0.53506668825906, 101.45159914071),
(49, 0.53588259307642, 101.45374669748),
(51, 0.53215075435107, 101.45371449755),
(52, 0.53327674041193, 101.45050523726),
(53, 0.53221630082917, 101.45046529618),
(54, 0.53220021531269, 101.44863526648),
(55, 0.53221093899035, 101.44855476664),
(56, 0.53281146490922, 101.44858696658),
(57, 0.5328918924832, 101.44880699947),
(58, 0.53339054341839, 101.44885529938),
(59, 0.53055413057194, 101.4486084332),
(60, 0.53050587400941, 101.45023989663),
(61, 0.53220557715153, 101.45040626296),
(62, 0.53189459049172, 101.45040089631),
(63, 0.53178735370885, 101.45035796306),
(64, 0.53045225560617, 101.45096976184),
(65, 0.53040936088321, 101.45153862738),
(66, 0.53058630161343, 101.45187672671),
(67, 0.53070426209742, 101.4532559573),
(68, 0.53069890025729, 101.45367455647),
(69, 0.53509024576471, 101.45377652293),
(70, 0.52976084346195, 101.45367788657),
(71, 0.52977692898478, 101.45165465726),
(72, 0.52826488965726, 101.45164392394),
(73, 0.52826488965726, 101.45368861988),
(74, 0.52830242255283, 101.45008222705),
(75, 0.52829706071062, 101.4496850945),
(76, 0.52815765281153, 101.45007686039),
(77, 0.52812011991508, 101.45358128676),
(78, 0.52517101670037, 101.45355977538),
(79, 0.5251442074758, 101.45373687502),
(80, 0.52518078718977, 101.45306642796),
(81, 0.52547568865194, 101.4526102622),
(82, 0.52535236622401, 101.45277662853),
(83, 0.52536845175822, 101.45242779589),
(84, 0.52524512932817, 101.45195553016),
(85, 0.52514325427541, 101.45248682911),
(86, 0.52513789243048, 101.45269612869),
(87, 0.52527193855228, 101.44994303416),
(88, 0.52751367762147, 101.45004044859),
(89, 0.53589298620493, 101.44741749883),
(90, 0.53834401370517, 101.4474390505),
(91, 0.53842980303993, 101.44739611725),
(92, 0.53867108553749, 101.44552852096),
(93, 0.53882657869752, 101.44493282214),
(94, 0.53897134818777, 101.44435858995),
(95, 0.53794723801623, 101.44487915558),
(96, 0.53818852053286, 101.44637108595),
(97, 0.53784536317301, 101.44645695245),
(98, 0.53801694185534, 101.4471331511),
(99, 0.53789361967789, 101.44746051712),
(100, 0.5365585229018, 101.44743368384),
(101, 0.53653171372663, 101.44720291763),
(102, 0.53643520069491, 101.44670918528),
(103, 0.536242174627, 101.44588272025),
(104, 0.53602770121105, 101.4449381888),
(105, 0.53591510266466, 101.44478255577),
(106, 0.53596872102035, 101.4431081591),
(107, 0.53668720694111, 101.44315109235),
(108, 0.53677299629914, 101.443328192),
(109, 0.53748075845702, 101.44326915878),
(110, 0.53846733587352, 101.44350529165),
(111, 0.53828503353684, 101.44408489049),
(112, 0.53730381792523, 101.4436448247),
(113, 0.53591510266466, 101.44392389081),
(114, 0.53399412133738, 101.44295840747),
(115, 0.53386543724156, 101.44425713822),
(116, 0.53372066763053, 101.44573296862),
(117, 0.53376892416793, 101.44523923627),
(118, 0.53415497645336, 101.44521240299),
(119, 0.53467507463289, 101.44525533624),
(120, 0.53539356070533, 101.4453573027),
(121, 0.53565629066605, 101.44531973611),
(122, 0.53591902061545, 101.44522850296),
(123, 0.53590293510867, 101.44417663838),
(124, 0.53273408944996, 101.44424640491),
(125, 0.53221399110639, 101.44417127172),
(126, 0.5322193529452, 101.44279740779),
(127, 0.53287349724595, 101.44286717432),
(128, 0.52988622480774, 101.44377449726),
(129, 0.52988086296689, 101.44260456625),
(130, 0.53158592812022, 101.44273336599),
(131, 0.53142507293717, 101.44399453015),
(132, 0.5283527381382, 101.44355446436),
(133, 0.52837954734898, 101.44246503319),
(134, 0.52832056708514, 101.4456474602),
(135, 0.52983796823999, 101.44563136023),
(136, 0.53096395472253, 101.44567429348),
(137, 0.53105510600023, 101.44571722673),
(138, 0.53055645487632, 101.44644172529),
(139, 0.52984333008087, 101.44643099198),
(140, 0.5310229349612, 101.44645782526),
(141, 0.52758063281862, 101.44563672689),
(142, 0.52762352756111, 101.44428969623),
(143, 0.52768786967429, 101.44242209994),
(144, 0.52846533682263, 101.44058670359),
(145, 0.52841171840174, 101.44146146852),
(146, 0.52863691576642, 101.44147756849),
(147, 0.52880313286367, 101.44142926858),
(148, 0.52913020520335, 101.44148293514),
(149, 0.52909803415431, 101.44159563492),
(150, 0.52906050126354, 101.44161173489),
(151, 0.52899615916459, 101.44193373425),
(152, 0.52893717890661, 101.44250796644),
(153, 0.52991839585267, 101.4407316033),
(154, 0.53097467840233, 101.44078526986),
(155, 0.5320309607715, 101.44089260298),
(156, 0.53223471064934, 101.44091406961),
(157, 0.53375211084341, 101.44102140273),
(158, 0.5340362882233, 101.44176200125),
(159, 0.53400411719984, 101.44203570071),
(160, 0.53225615800451, 101.44186396772),
(161, 0.53417569598978, 101.4420732673),
(162, 0.53406309740941, 101.44218596708),
(163, 0.53473332702405, 101.44171370135),
(164, 0.53532312902441, 101.44167613476),
(165, 0.53385398575468, 101.44071013668),
(166, 0.53397730801347, 101.44058670359),
(167, 0.53533921453272, 101.44061353687),
(168, 0.53532312902441, 101.43872984061),
(169, 0.53375747268088, 101.43868690737),
(170, 0.53376283451835, 101.43909477322),
(171, 0.53374674900592, 101.43966363876),
(172, 0.53382717656766, 101.43996417149),
(173, 0.53393441331503, 101.43999100477),
(174, 0.53396122250159, 101.44021640433),
(175, 0.53386470942947, 101.4403291041),
(176, 0.53384326207989, 101.44055450365),
(177, 0.53390760412837, 101.44062963684),
(178, 0.52460694655515, 101.44217312897),
(179, 0.52461452048638, 101.44195950232),
(180, 0.52466281338617, 101.44184146025),
(181, 0.524754033307, 101.44104199344),
(182, 0.52481842383853, 101.44092395136),
(183, 0.52491500963457, 101.44036593426),
(184, 0.52464671575295, 101.44225460752),
(185, 0.52445704226709, 101.44401962883),
(186, 0.52475415796825, 101.44408969768),
(187, 0.52499025658066, 101.44419164311),
(188, 0.52526391632474, 101.44425066415),
(189, 0.52615465187942, 101.44419164311),
(190, 0.52708294843659, 101.44429358855),
(191, 0.527624901854, 101.44341900405),
(192, 0.52712050956605, 101.44337607966),
(193, 0.52404805496981, 101.44736275162),
(194, 0.52423043755121, 101.44563504482),
(195, 0.52564122028063, 101.44230340192),
(196, 0.52622055302024, 101.44045795277),
(197, 0.52622055302024, 101.44098377658),
(198, 0.52603280630495, 101.44177787783),
(199, 0.52573241154876, 101.44180470558),
(200, 0.53538258582073, 101.44195494095),
(201, 0.535919004181, 101.44247539921),
(202, 0.53597801019777, 101.44266855898),
(203, 0.53582244887962, 101.44231443274),
(204, 0.5333227388816, 101.45372023506),
(205, 0.53435266243751, 101.4537363317),
(206, 0.53421855781761, 101.45249152432),
(207, 0.53429902058989, 101.45234128895),
(208, 0.53436339080697, 101.45157938099),
(209, 0.53212733535326, 101.43902729614),
(210, 0.53216486822541, 101.43746559924),
(211, 0.53223457213023, 101.4357751026),
(212, 0.53444364932044, 101.43628493492),
(213, 0.53524792479938, 101.43649960116),
(214, 0.53214900574804, 101.43566415292),
(215, 0.53199887425768, 101.43439225545),
(216, 0.53317311688836, 101.43438152214),
(217, 0.53355380737351, 101.43431712226),
(218, 0.5340524582551, 101.43403805615),
(219, 0.53511946376897, 101.43520798716),
(220, 0.53523206232996, 101.43522408713),
(221, 0.53552160147733, 101.43875534678),
(222, 0.53659396857057, 101.43920077922),
(223, 0.53690495499246, 101.43847091401),
(224, 0.53530712803616, 101.43795571503),
(225, 0.53627762029759, 101.44129377507),
(226, 0.53441706317517, 101.4442293359),
(227, 0.53460472746382, 101.44298427171),
(228, 0.53665294875524, 101.44770692899),
(229, 0.53589156814569, 101.44771229564),
(230, 0.535736074911, 101.44762106249),
(231, 0.53782719049539, 101.44773912892),
(232, 0.53740360560146, 101.44745469616),
(233, 0.53799340734446, 101.44809869488),
(234, 0.53817570968988, 101.44883392675),
(235, 0.53839018303043, 101.44998239113),
(236, 0.53719985589516, 101.44996092451),
(237, 0.53756446062792, 101.45145822153),
(238, 0.53906577400387, 101.45107718896),
(239, 0.53794515084036, 101.44998239113),
(240, 0.53835265019637, 101.45074445628),
(241, 0.53850814336453, 101.45120062204),
(242, 0.53807383485047, 101.45374978364),
(243, 0.53685669847976, 101.45374978364),
(244, 0.53693176416602, 101.45493581462),
(245, 0.53713551388124, 101.45497338121),
(246, 0.53714087571576, 101.45552078013),
(247, 0.53588620631009, 101.45551541347),
(248, 0.53589156814569, 101.45479628157),
(249, 0.53588620631009, 101.45621307875),
(250, 0.53598808118594, 101.45645994493),
(251, 0.53575752225394, 101.45646531158),
(252, 0.53710334287401, 101.45648677821),
(253, 0.5379129798374, 101.45647604489),
(254, 0.53809528218523, 101.45412544956),
(255, 0.53712167050724, 101.45735220855),
(256, 0.53616726388575, 101.45736830852),
(257, 0.53608147451923, 101.45732537527),
(258, 0.53569542235497, 101.45730390865),
(259, 0.53559890931012, 101.45736294187),
(260, 0.53541124505187, 101.45734147524),
(261, 0.53541660688791, 101.45646134366),
(262, 0.5334220035617, 101.45643987703),
(263, 0.53348634561457, 101.45491574673),
(264, 0.53340591804836, 101.45426638135),
(265, 0.53352387847844, 101.45539874577),
(266, 0.53349170745227, 101.45590321143),
(267, 0.53742148011231, 101.44155754501),
(268, 0.53701398069415, 101.44135911963),
(269, 0.53953683161036, 101.45371019369),
(270, 0.53948321328601, 101.45277169527),
(271, 0.53941887129619, 101.45216033059),
(272, 0.53978883772842, 101.45146316033),
(273, 0.53954755527517, 101.45193509097),
(274, 0.53990679803541, 101.45209597641),
(275, 0.54013735681065, 101.45164013432),
(276, 0.53987462704282, 101.45224077331),
(277, 0.53997650185211, 101.453699468),
(278, 0.54112393379657, 101.45372091939),
(279, 0.54115610478257, 101.45210133926),
(280, 0.54041617206206, 101.4499883771),
(281, 0.53996041635602, 101.44944672945),
(282, 0.53926337815128, 101.44881391337),
(283, 0.53871110936318, 101.44839024837),
(284, 0.54115024991816, 101.45513846175),
(285, 0.54125212470606, 101.45551922397),
(286, 0.54121995372058, 101.45581954346),
(287, 0.54127893386047, 101.45607696017),
(288, 0.53956314773879, 101.45487031935),
(289, 0.53979906835927, 101.45622711992),
(290, 0.53985804851297, 101.45696719296),
(291, 0.54019048209575, 101.45767508891),
(292, 0.54026018590917, 101.4579646827),
(293, 0.53910739196883, 101.45862967587),
(294, 0.53857657049964, 101.457707266),
(295, 0.53793851230884, 101.45805048827),
(296, 0.53719321736283, 101.45810411676),
(297, 0.53729509221693, 101.45947164302),
(298, 0.53969183171474, 101.45928930619),
(299, 0.53941301643013, 101.45948773157),
(300, 0.53905377364073, 101.45955744859),
(301, 0.53900015531212, 101.45959498853),
(302, 0.53908594463767, 101.45970224549),
(303, 0.53726828304497, 101.45879592416),
(304, 0.5362120015759, 101.45870475574),
(305, 0.53662486288248, 101.45878519847),
(306, 0.53614229771619, 101.4585438703),
(307, 0.53581522574853, 101.45853850745),
(308, 0.53441578647673, 101.4582650022),
(309, 0.53364368191437, 101.45936974891),
(310, 0.53196542652462, 101.45923031486),
(311, 0.53208338698227, 101.4564040939),
(312, 0.53213164353249, 101.45498293916),
(313, 0.53137026236295, 101.45496148776),
(314, 0.53127374925026, 101.45487031935),
(315, 0.53079118366414, 101.4548649565),
(316, 0.53073756526337, 101.45569619795),
(317, 0.53072684158315, 101.45640945675),
(318, 0.52972417740123, 101.45639873106),
(319, 0.52978315765171, 101.45567474656),
(320, 0.52826039464122, 101.4564040939),
(321, 0.52763305906704, 101.45639336821),
(322, 0.52702717080288, 101.45639336821),
(323, 0.52634621666573, 101.45636655397),
(324, 0.52505401215388, 101.45638264251),
(325, 0.52505401215388, 101.45529398435),
(326, 0.52509154506879, 101.45414633485),
(327, 0.52294680671347, 101.4526018346),
(328, 0.52846911156342, 101.43731365139),
(329, 0.52957365093026, 101.43733510278),
(330, 0.53088194002275, 101.43737800557),
(331, 0.53088730186273, 101.43811807861),
(332, 0.53096772946177, 101.43837549532),
(333, 0.53088194002275, 101.4389975857),
(334, 0.53103743338011, 101.43965185317),
(335, 0.5302492428732, 101.44074587418),
(336, 0.53026532839476, 101.43952314481),
(337, 0.5295093088366, 101.44068152),
(338, 0.52956828908915, 101.43860609778),
(339, 0.52954684172465, 101.43952314481),
(340, 0.53028141391625, 101.43864900057),
(341, 0.52958973645358, 101.43805908728),
(342, 0.52844766419512, 101.4389975857);

-- --------------------------------------------------------

--
-- Table structure for table `wisata`
--

CREATE TABLE `wisata` (
  `id` int(11) NOT NULL,
  `nama` varchar(255) NOT NULL,
  `gambar` varchar(255) NOT NULL,
  `alamat` longtext NOT NULL,
  `jam_buka` longtext NOT NULL,
  `no_telp` varchar(15) NOT NULL,
  `kategori` varchar(255) NOT NULL,
  `lat_coord` double NOT NULL,
  `long_coord` double NOT NULL
) ENGINE=InnoDB DEFAULT CHARSET=utf8mb4;

--
-- Indexes for dumped tables
--

--
-- Indexes for table `kategori`
--
ALTER TABLE `kategori`
  ADD PRIMARY KEY (`id`);

--
-- Indexes for table `kecamatan`
--
ALTER TABLE `kecamatan`
  ADD PRIMARY KEY (`id`);

--
-- Indexes for table `kelurahan`
--
ALTER TABLE `kelurahan`
  ADD PRIMARY KEY (`id`);

--
-- Indexes for table `rute`
--
ALTER TABLE `rute`
  ADD PRIMARY KEY (`id`);

--
-- Indexes for table `titik_rute`
--
ALTER TABLE `titik_rute`
  ADD PRIMARY KEY (`id`);

--
-- Indexes for table `wisata`
--
ALTER TABLE `wisata`
  ADD PRIMARY KEY (`id`);

--
-- AUTO_INCREMENT for dumped tables
--

--
-- AUTO_INCREMENT for table `kategori`
--
ALTER TABLE `kategori`
  MODIFY `id` int(11) NOT NULL AUTO_INCREMENT, AUTO_INCREMENT=9;

--
-- AUTO_INCREMENT for table `kecamatan`
--
ALTER TABLE `kecamatan`
  MODIFY `id` int(11) NOT NULL AUTO_INCREMENT, AUTO_INCREMENT=14;

--
-- AUTO_INCREMENT for table `kelurahan`
--
ALTER TABLE `kelurahan`
  MODIFY `id` int(11) NOT NULL AUTO_INCREMENT, AUTO_INCREMENT=21;

--
-- AUTO_INCREMENT for table `rute`
--
ALTER TABLE `rute`
  MODIFY `id` int(11) NOT NULL AUTO_INCREMENT, AUTO_INCREMENT=69;

--
-- AUTO_INCREMENT for table `titik_rute`
--
ALTER TABLE `titik_rute`
  MODIFY `id` int(11) NOT NULL AUTO_INCREMENT, AUTO_INCREMENT=343;

--
-- AUTO_INCREMENT for table `wisata`
--
ALTER TABLE `wisata`
  MODIFY `id` int(11) NOT NULL AUTO_INCREMENT, AUTO_INCREMENT=5;
COMMIT;

/*!40101 SET CHARACTER_SET_CLIENT=@OLD_CHARACTER_SET_CLIENT */;
/*!40101 SET CHARACTER_SET_RESULTS=@OLD_CHARACTER_SET_RESULTS */;
/*!40101 SET COLLATION_CONNECTION=@OLD_COLLATION_CONNECTION */;
